sector_code,sector_group,sector_name,stage,year,iron_content,mass,mass_iron
10,Mechanical engineering,Metal working toolsand engineering tools,component,1996,0.71,52.6,37.4
10,Mechanical engineering,Metal working toolsand engineering tools,component,1997,0.71,53.1,37.7
10,Mechanical engineering,Metal working toolsand engineering tools,component,1998,0.71,56.9,40.4
10,Mechanical engineering,Metal working toolsand engineering tools,component,1999,0.71,54.2,38.5
10,Mechanical engineering,Metal working toolsand engineering tools,component,2000,0.71,54.9,39.0
10,Mechanical engineering,Metal working toolsand engineering tools,component,2001,0.71,48.5,34.4
10,Mechanical engineering,Metal working toolsand engineering tools,component,2002,0.71,42.2,30.0
10,Mechanical engineering,Metal working toolsand engineering tools,component,2003,0.71,37.6,26.7
10,Mechanical engineering,Metal working toolsand engineering tools,component,2004,0.71,40.3,28.6
10,Mechanical engineering,Metal working toolsand engineering tools,component,2005,0.71,40.3,28.6
10,Mechanical engineering,Metal working toolsand engineering tools,component,2006,0.71,46.9,33.3
10,Mechanical engineering,Metal working toolsand engineering tools,component,2007,0.71,45.9,32.6
10,Mechanical engineering,Metal working toolsand engineering tools,component,2008,0.71,42.8,30.4
10,Mechanical engineering,Metal working toolsand engineering tools,component,2009,0.71,30.6,21.7
10,Mechanical engineering,Metal working toolsand engineering tools,component,2010,0.71,34.8,24.7
10,Mechanical engineering,Metal working toolsand engineering tools,component,2011,0.71,43.4,30.8
10,Mechanical engineering,Metal working toolsand engineering tools,component,2012,0.71,38.2,27.1
10,Mechanical engineering,Metal working toolsand engineering tools,component,2013,0.71,35.2,25.0
10,Mechanical engineering,Metal working toolsand engineering tools,component,2014,0.71,37.8,26.9
10,Mechanical engineering,Metal working toolsand engineering tools,component,2015,0.71,33.9,24.0
10,Mechanical engineering,Metal working toolsand engineering tools,component,2016,0.71,30.9,21.9
10,Mechanical engineering,Metal working toolsand engineering tools,component,2017,0.71,33.2,23.6
10,Mechanical engineering,Metal working toolsand engineering tools,final,1996,0.71,135.1,95.9
10,Mechanical engineering,Metal working toolsand engineering tools,final,1997,0.71,127.2,90.3
10,Mechanical engineering,Metal working toolsand engineering tools,final,1998,0.71,277.0,196.6
10,Mechanical engineering,Metal working toolsand engineering tools,final,1999,0.71,123.3,87.5
10,Mechanical engineering,Metal working toolsand engineering tools,final,2000,0.71,128.7,91.4
10,Mechanical engineering,Metal working toolsand engineering tools,final,2001,0.71,121.8,86.5
10,Mechanical engineering,Metal working toolsand engineering tools,final,2002,0.71,148.0,105.1
10,Mechanical engineering,Metal working toolsand engineering tools,final,2003,0.71,157.6,111.9
10,Mechanical engineering,Metal working toolsand engineering tools,final,2004,0.71,167.2,118.7
10,Mechanical engineering,Metal working toolsand engineering tools,final,2005,0.71,174.6,124.0
10,Mechanical engineering,Metal working toolsand engineering tools,final,2006,0.71,177.8,126.2
10,Mechanical engineering,Metal working toolsand engineering tools,final,2007,0.71,184.4,130.9
10,Mechanical engineering,Metal working toolsand engineering tools,final,2008,0.71,160.8,114.2
10,Mechanical engineering,Metal working toolsand engineering tools,final,2009,0.71,125.5,89.1
10,Mechanical engineering,Metal working toolsand engineering tools,final,2010,0.71,149.7,106.3
10,Mechanical engineering,Metal working toolsand engineering tools,final,2011,0.71,145.2,103.1
10,Mechanical engineering,Metal working toolsand engineering tools,final,2012,0.71,154.7,109.8
10,Mechanical engineering,Metal working toolsand engineering tools,final,2013,0.71,145.1,103.0
10,Mechanical engineering,Metal working toolsand engineering tools,final,2014,0.71,153.9,109.3
10,Mechanical engineering,Metal working toolsand engineering tools,final,2015,0.71,168.4,119.5
10,Mechanical engineering,Metal working toolsand engineering tools,final,2016,0.71,165.3,117.4
10,Mechanical engineering,Metal working toolsand engineering tools,final,2017,0.71,169.4,120.3
11,Mechanical engineering,"Construction, earth moving and mechanical handling equipment",component,1996,0.85,157.7,134.0
11,Mechanical engineering,"Construction, earth moving and mechanical handling equipment",component,1997,0.85,159.3,135.4
11,Mechanical engineering,"Construction, earth moving and mechanical handling equipment",component,1998,0.85,157.4,133.8
11,Mechanical engineering,"Construction, earth moving and mechanical handling equipment",component,1999,0.85,158.1,134.4
11,Mechanical engineering,"Construction, earth moving and mechanical handling equipment",component,2000,0.85,158.8,134.9
11,Mechanical engineering,"Construction, earth moving and mechanical handling equipment",component,2001,0.85,173.7,147.7
11,Mechanical engineering,"Construction, earth moving and mechanical handling equipment",component,2002,0.85,177.0,150.4
11,Mechanical engineering,"Construction, earth moving and mechanical handling equipment",component,2003,0.85,188.8,160.5
11,Mechanical engineering,"Construction, earth moving and mechanical handling equipment",component,2004,0.85,229.5,195.1
11,Mechanical engineering,"Construction, earth moving and mechanical handling equipment",component,2005,0.85,288.4,245.2
11,Mechanical engineering,"Construction, earth moving and mechanical handling equipment",component,2006,0.85,297.7,253.0
11,Mechanical engineering,"Construction, earth moving and mechanical handling equipment",component,2007,0.85,280.2,238.2
11,Mechanical engineering,"Construction, earth moving and mechanical handling equipment",component,2008,0.85,253.5,215.4
11,Mechanical engineering,"Construction, earth moving and mechanical handling equipment",component,2009,0.85,136.0,115.6
11,Mechanical engineering,"Construction, earth moving and mechanical handling equipment",component,2010,0.85,176.4,149.9
11,Mechanical engineering,"Construction, earth moving and mechanical handling equipment",component,2011,0.85,218.9,186.1
11,Mechanical engineering,"Construction, earth moving and mechanical handling equipment",component,2012,0.85,207.9,176.7
11,Mechanical engineering,"Construction, earth moving and mechanical handling equipment",component,2013,0.85,195.8,166.4
11,Mechanical engineering,"Construction, earth moving and mechanical handling equipment",component,2014,0.85,180.0,153.0
11,Mechanical engineering,"Construction, earth moving and mechanical handling equipment",component,2015,0.85,145.4,123.6
11,Mechanical engineering,"Construction, earth moving and mechanical handling equipment",component,2016,0.85,130.2,110.6
11,Mechanical engineering,"Construction, earth moving and mechanical handling equipment",component,2017,0.85,153.1,130.1
11,Mechanical engineering,"Construction, earth moving and mechanical handling equipment",final,1996,0.85,231.8,197.0
11,Mechanical engineering,"Construction, earth moving and mechanical handling equipment",final,1997,0.85,493.7,419.6
11,Mechanical engineering,"Construction, earth moving and mechanical handling equipment",final,1998,0.85,565.3,480.5
11,Mechanical engineering,"Construction, earth moving and mechanical handling equipment",final,1999,0.85,484.8,412.1
11,Mechanical engineering,"Construction, earth moving and mechanical handling equipment",final,2000,0.85,494.6,420.4
11,Mechanical engineering,"Construction, earth moving and mechanical handling equipment",final,2001,0.85,706.0,600.1
11,Mechanical engineering,"Construction, earth moving and mechanical handling equipment",final,2002,0.85,865.8,736.0
11,Mechanical engineering,"Construction, earth moving and mechanical handling equipment",final,2003,0.85,770.0,654.5
11,Mechanical engineering,"Construction, earth moving and mechanical handling equipment",final,2004,0.85,2143.1,1821.6
11,Mechanical engineering,"Construction, earth moving and mechanical handling equipment",final,2005,0.85,1206.0,1025.1
11,Mechanical engineering,"Construction, earth moving and mechanical handling equipment",final,2006,0.85,821.1,698.0
11,Mechanical engineering,"Construction, earth moving and mechanical handling equipment",final,2007,0.85,926.6,787.6
11,Mechanical engineering,"Construction, earth moving and mechanical handling equipment",final,2008,0.85,886.0,753.1
11,Mechanical engineering,"Construction, earth moving and mechanical handling equipment",final,2009,0.85,504.1,428.5
11,Mechanical engineering,"Construction, earth moving and mechanical handling equipment",final,2010,0.85,656.4,557.9
11,Mechanical engineering,"Construction, earth moving and mechanical handling equipment",final,2011,0.85,744.1,632.5
11,Mechanical engineering,"Construction, earth moving and mechanical handling equipment",final,2012,0.85,731.1,621.4
11,Mechanical engineering,"Construction, earth moving and mechanical handling equipment",final,2013,0.85,672.2,571.4
11,Mechanical engineering,"Construction, earth moving and mechanical handling equipment",final,2014,0.85,635.0,539.8
11,Mechanical engineering,"Construction, earth moving and mechanical handling equipment",final,2015,0.85,587.1,499.0
11,Mechanical engineering,"Construction, earth moving and mechanical handling equipment",final,2016,0.85,596.1,506.7
11,Mechanical engineering,"Construction, earth moving and mechanical handling equipment",final,2017,0.85,649.5,552.1
12,Mechanical engineering,Other mechanical engineering,component,1996,0.71,28.9,20.5
12,Mechanical engineering,Other mechanical engineering,component,1997,0.71,30.5,21.6
12,Mechanical engineering,Other mechanical engineering,component,1998,0.71,30.8,21.9
12,Mechanical engineering,Other mechanical engineering,component,1999,0.71,25.3,18.0
12,Mechanical engineering,Other mechanical engineering,component,2000,0.71,26.2,18.6
12,Mechanical engineering,Other mechanical engineering,component,2001,0.71,31.4,22.3
12,Mechanical engineering,Other mechanical engineering,component,2002,0.71,31.8,22.6
12,Mechanical engineering,Other mechanical engineering,component,2003,0.71,42.3,30.1
12,Mechanical engineering,Other mechanical engineering,component,2004,0.71,43.3,30.7
12,Mechanical engineering,Other mechanical engineering,component,2005,0.71,52.7,37.4
12,Mechanical engineering,Other mechanical engineering,component,2006,0.71,48.5,34.4
12,Mechanical engineering,Other mechanical engineering,component,2007,0.71,39.6,28.1
12,Mechanical engineering,Other mechanical engineering,component,2008,0.71,46.3,32.9
12,Mechanical engineering,Other mechanical engineering,component,2009,0.71,29.6,21.0
12,Mechanical engineering,Other mechanical engineering,component,2010,0.71,43.2,30.7
12,Mechanical engineering,Other mechanical engineering,component,2011,0.71,40.7,28.9
12,Mechanical engineering,Other mechanical engineering,component,2012,0.71,38.7,27.5
12,Mechanical engineering,Other mechanical engineering,component,2013,0.71,35.1,24.9
12,Mechanical engineering,Other mechanical engineering,component,2014,0.71,36.2,25.7
12,Mechanical engineering,Other mechanical engineering,component,2015,0.71,32.1,22.8
12,Mechanical engineering,Other mechanical engineering,component,2016,0.71,26.6,18.9
12,Mechanical engineering,Other mechanical engineering,component,2017,0.71,30.4,21.6
12,Mechanical engineering,Other mechanical engineering,final,1996,0.71,267.3,189.8
12,Mechanical engineering,Other mechanical engineering,final,1997,0.71,317.4,225.3
12,Mechanical engineering,Other mechanical engineering,final,1998,0.71,314.2,223.1
12,Mechanical engineering,Other mechanical engineering,final,1999,0.71,243.7,173.0
12,Mechanical engineering,Other mechanical engineering,final,2000,0.71,258.1,183.3
12,Mechanical engineering,Other mechanical engineering,final,2001,0.71,239.9,170.4
12,Mechanical engineering,Other mechanical engineering,final,2002,0.71,243.8,173.1
12,Mechanical engineering,Other mechanical engineering,final,2003,0.71,265.1,188.2
12,Mechanical engineering,Other mechanical engineering,final,2004,0.71,277.3,196.9
12,Mechanical engineering,Other mechanical engineering,final,2005,0.71,269.5,191.3
12,Mechanical engineering,Other mechanical engineering,final,2006,0.71,278.6,197.8
12,Mechanical engineering,Other mechanical engineering,final,2007,0.71,340.5,241.7
12,Mechanical engineering,Other mechanical engineering,final,2008,0.71,336.4,238.8
12,Mechanical engineering,Other mechanical engineering,final,2009,0.71,249.8,177.4
12,Mechanical engineering,Other mechanical engineering,final,2010,0.71,286.9,203.7
12,Mechanical engineering,Other mechanical engineering,final,2011,0.71,317.5,225.4
12,Mechanical engineering,Other mechanical engineering,final,2012,0.71,358.1,254.2
12,Mechanical engineering,Other mechanical engineering,final,2013,0.71,299.7,212.8
12,Mechanical engineering,Other mechanical engineering,final,2014,0.71,291.7,207.1
12,Mechanical engineering,Other mechanical engineering,final,2015,0.71,282.6,200.7
12,Mechanical engineering,Other mechanical engineering,final,2016,0.71,493.0,350.1
12,Mechanical engineering,Other mechanical engineering,final,2017,0.71,478.3,339.6
13,Mechanical engineering,Industrial and process plant,component,1996,1.0,6.4,6.4
13,Mechanical engineering,Industrial and process plant,component,1997,1.0,9.1,9.1
13,Mechanical engineering,Industrial and process plant,component,1998,1.0,8.3,8.3
13,Mechanical engineering,Industrial and process plant,component,1999,1.0,7.4,7.4
13,Mechanical engineering,Industrial and process plant,component,2000,1.0,5.3,5.3
13,Mechanical engineering,Industrial and process plant,component,2001,1.0,12.3,12.3
13,Mechanical engineering,Industrial and process plant,component,2002,1.0,7.2,7.2
13,Mechanical engineering,Industrial and process plant,component,2003,1.0,4.0,4.0
13,Mechanical engineering,Industrial and process plant,component,2004,1.0,3.4,3.4
13,Mechanical engineering,Industrial and process plant,component,2005,1.0,6.4,6.4
13,Mechanical engineering,Industrial and process plant,component,2006,1.0,6.5,6.5
13,Mechanical engineering,Industrial and process plant,component,2007,1.0,5.7,5.7
13,Mechanical engineering,Industrial and process plant,component,2008,1.0,4.7,4.7
13,Mechanical engineering,Industrial and process plant,component,2009,1.0,5.0,5.0
13,Mechanical engineering,Industrial and process plant,component,2010,1.0,2.0,2.0
13,Mechanical engineering,Industrial and process plant,component,2011,1.0,2.4,2.4
13,Mechanical engineering,Industrial and process plant,component,2012,1.0,2.2,2.2
13,Mechanical engineering,Industrial and process plant,component,2013,1.0,1.7,1.7
13,Mechanical engineering,Industrial and process plant,component,2014,1.0,1.8,1.8
13,Mechanical engineering,Industrial and process plant,component,2015,1.0,2.9,2.9
13,Mechanical engineering,Industrial and process plant,component,2016,1.0,2.6,2.6
13,Mechanical engineering,Industrial and process plant,component,2017,1.0,3.6,3.6
13,Mechanical engineering,Industrial and process plant,final,1996,1.0,280.7,280.7
13,Mechanical engineering,Industrial and process plant,final,1997,1.0,316.4,316.4
13,Mechanical engineering,Industrial and process plant,final,1998,1.0,236.5,236.5
13,Mechanical engineering,Industrial and process plant,final,1999,1.0,209.9,209.9
13,Mechanical engineering,Industrial and process plant,final,2000,1.0,233.2,233.2
13,Mechanical engineering,Industrial and process plant,final,2001,1.0,215.9,215.9
13,Mechanical engineering,Industrial and process plant,final,2002,1.0,200.1,200.1
13,Mechanical engineering,Industrial and process plant,final,2003,1.0,220.6,220.6
13,Mechanical engineering,Industrial and process plant,final,2004,1.0,247.6,247.6
13,Mechanical engineering,Industrial and process plant,final,2005,1.0,209.1,209.1
13,Mechanical engineering,Industrial and process plant,final,2006,1.0,194.0,194.0
13,Mechanical engineering,Industrial and process plant,final,2007,1.0,222.1,222.1
13,Mechanical engineering,Industrial and process plant,final,2008,1.0,315.2,315.2
13,Mechanical engineering,Industrial and process plant,final,2009,1.0,223.7,223.7
13,Mechanical engineering,Industrial and process plant,final,2010,1.0,212.7,212.7
13,Mechanical engineering,Industrial and process plant,final,2011,1.0,224.4,224.4
13,Mechanical engineering,Industrial and process plant,final,2012,1.0,195.6,195.6
13,Mechanical engineering,Industrial and process plant,final,2013,1.0,186.7,186.7
13,Mechanical engineering,Industrial and process plant,final,2014,1.0,178.3,178.3
13,Mechanical engineering,Industrial and process plant,final,2015,1.0,238.2,238.2
13,Mechanical engineering,Industrial and process plant,final,2016,1.0,240.6,240.6
13,Mechanical engineering,Industrial and process plant,final,2017,1.0,249.3,249.3
14,Construction,Construction and fabricated constructional steelwork,final,1996,1.0,359.7,359.7
14,Construction,Construction and fabricated constructional steelwork,final,1997,1.0,362.0,362.0
14,Construction,Construction and fabricated constructional steelwork,final,1998,1.0,358.1,358.1
14,Construction,Construction and fabricated constructional steelwork,final,1999,1.0,324.6,324.6
14,Construction,Construction and fabricated constructional steelwork,final,2000,1.0,324.5,324.5
14,Construction,Construction and fabricated constructional steelwork,final,2001,1.0,386.3,386.3
14,Construction,Construction and fabricated constructional steelwork,final,2002,1.0,349.7,349.7
14,Construction,Construction and fabricated constructional steelwork,final,2003,1.0,378.0,378.0
14,Construction,Construction and fabricated constructional steelwork,final,2004,1.0,387.8,387.8
14,Construction,Construction and fabricated constructional steelwork,final,2005,1.0,374.6,374.6
14,Construction,Construction and fabricated constructional steelwork,final,2006,1.0,407.2,407.2
14,Construction,Construction and fabricated constructional steelwork,final,2007,1.0,439.7,439.7
14,Construction,Construction and fabricated constructional steelwork,final,2008,1.0,453.3,453.3
14,Construction,Construction and fabricated constructional steelwork,final,2009,1.0,342.1,342.1
14,Construction,Construction and fabricated constructional steelwork,final,2010,1.0,350.1,350.1
14,Construction,Construction and fabricated constructional steelwork,final,2011,1.0,342.0,342.0
14,Construction,Construction and fabricated constructional steelwork,final,2012,1.0,280.3,280.3
14,Construction,Construction and fabricated constructional steelwork,final,2013,1.0,289.8,289.8
14,Construction,Construction and fabricated constructional steelwork,final,2014,1.0,301.1,301.1
14,Construction,Construction and fabricated constructional steelwork,final,2015,1.0,335.9,335.9
14,Construction,Construction and fabricated constructional steelwork,final,2016,1.0,366.9,366.9
14,Construction,Construction and fabricated constructional steelwork,final,2017,1.0,371.0,371.0
15a,Transport,Motor vehicles: BIW,component,1996,0.87,19.8,17.3
15a,Transport,Motor vehicles: BIW,component,1997,0.87,15.6,13.6
15a,Transport,Motor vehicles: BIW,component,1998,0.87,15.8,13.8
15a,Transport,Motor vehicles: BIW,component,1999,0.87,6.8,5.9
15a,Transport,Motor vehicles: BIW,component,2000,0.87,11.6,10.1
15a,Transport,Motor vehicles: BIW,component,2001,0.87,11.9,10.3
15a,Transport,Motor vehicles: BIW,component,2002,0.87,10.5,9.2
15a,Transport,Motor vehicles: BIW,component,2003,0.87,8.3,7.2
15a,Transport,Motor vehicles: BIW,component,2004,0.87,7.1,6.2
15a,Transport,Motor vehicles: BIW,component,2005,0.87,5.4,4.7
15a,Transport,Motor vehicles: BIW,component,2006,0.87,7.1,6.2
15a,Transport,Motor vehicles: BIW,component,2007,0.87,7.5,6.5
15a,Transport,Motor vehicles: BIW,component,2008,0.87,7.5,6.5
15a,Transport,Motor vehicles: BIW,component,2009,0.87,4.6,4.0
15a,Transport,Motor vehicles: BIW,component,2010,0.87,4.5,3.9
15a,Transport,Motor vehicles: BIW,component,2011,0.87,4.2,3.6
15a,Transport,Motor vehicles: BIW,component,2012,0.87,13.0,11.3
15a,Transport,Motor vehicles: BIW,component,2013,0.87,57.9,50.4
15a,Transport,Motor vehicles: BIW,component,2014,0.87,10.5,9.2
15a,Transport,Motor vehicles: BIW,component,2015,0.87,8.0,7.0
15a,Transport,Motor vehicles: BIW,component,2016,0.87,9.2,8.0
15a,Transport,Motor vehicles: BIW,component,2017,0.87,10.9,9.5
15a,Transport,Motor vehicles: BIW,final,1996,0.87,608.4,529.3
15a,Transport,Motor vehicles: BIW,final,1997,0.87,667.0,580.3
15a,Transport,Motor vehicles: BIW,final,1998,0.87,704.4,612.9
15a,Transport,Motor vehicles: BIW,final,1999,0.87,782.5,680.8
15a,Transport,Motor vehicles: BIW,final,2000,0.87,773.2,672.7
15a,Transport,Motor vehicles: BIW,final,2001,0.87,645.3,561.4
15a,Transport,Motor vehicles: BIW,final,2002,0.87,767.6,667.8
15a,Transport,Motor vehicles: BIW,final,2003,0.87,817.4,711.1
15a,Transport,Motor vehicles: BIW,final,2004,0.87,882.4,767.7
15a,Transport,Motor vehicles: BIW,final,2005,0.87,928.8,808.0
15a,Transport,Motor vehicles: BIW,final,2006,0.87,875.9,762.0
15a,Transport,Motor vehicles: BIW,final,2007,0.87,956.3,832.0
15a,Transport,Motor vehicles: BIW,final,2008,0.87,912.2,793.6
15a,Transport,Motor vehicles: BIW,final,2009,0.87,633.7,551.3
15a,Transport,Motor vehicles: BIW,final,2010,0.87,816.9,710.7
15a,Transport,Motor vehicles: BIW,final,2011,0.87,955.5,831.3
15a,Transport,Motor vehicles: BIW,final,2012,0.87,1008.8,877.6
15a,Transport,Motor vehicles: BIW,final,2013,0.87,1046.1,910.1
15a,Transport,Motor vehicles: BIW,final,2014,0.87,1044.8,909.0
15a,Transport,Motor vehicles: BIW,final,2015,0.87,1093.6,951.4
15a,Transport,Motor vehicles: BIW,final,2016,0.87,1197.8,1042.1
15a,Transport,Motor vehicles: BIW,final,2017,0.87,1208.9,1051.7
15b,Transport,Motor vehicles: drivetrain and trimmings,component,1996,0.44,1071.6,471.5
15b,Transport,Motor vehicles: drivetrain and trimmings,component,1997,0.44,1174.2,516.7
15b,Transport,Motor vehicles: drivetrain and trimmings,component,1998,0.44,1179.0,518.8
15b,Transport,Motor vehicles: drivetrain and trimmings,component,1999,0.44,1148.0,505.1
15b,Transport,Motor vehicles: drivetrain and trimmings,component,2000,0.44,1506.0,662.6
15b,Transport,Motor vehicles: drivetrain and trimmings,component,2001,0.44,1234.4,543.1
15b,Transport,Motor vehicles: drivetrain and trimmings,component,2002,0.44,1189.7,523.5
15b,Transport,Motor vehicles: drivetrain and trimmings,component,2003,0.44,1274.5,560.8
15b,Transport,Motor vehicles: drivetrain and trimmings,component,2004,0.44,1281.4,563.8
15b,Transport,Motor vehicles: drivetrain and trimmings,component,2005,0.44,1179.4,518.9
15b,Transport,Motor vehicles: drivetrain and trimmings,component,2006,0.44,1280.6,563.5
15b,Transport,Motor vehicles: drivetrain and trimmings,component,2007,0.44,1155.3,508.3
15b,Transport,Motor vehicles: drivetrain and trimmings,component,2008,0.44,1039.4,457.4
15b,Transport,Motor vehicles: drivetrain and trimmings,component,2009,0.44,705.2,310.3
15b,Transport,Motor vehicles: drivetrain and trimmings,component,2010,0.44,818.5,360.1
15b,Transport,Motor vehicles: drivetrain and trimmings,component,2011,0.44,904.9,398.2
15b,Transport,Motor vehicles: drivetrain and trimmings,component,2012,0.44,904.8,398.1
15b,Transport,Motor vehicles: drivetrain and trimmings,component,2013,0.44,873.4,384.3
15b,Transport,Motor vehicles: drivetrain and trimmings,component,2014,0.44,858.4,377.7
15b,Transport,Motor vehicles: drivetrain and trimmings,component,2015,0.44,906.9,399.0
15b,Transport,Motor vehicles: drivetrain and trimmings,component,2016,0.44,933.9,410.9
15b,Transport,Motor vehicles: drivetrain and trimmings,component,2017,0.44,934.0,411.0
15b,Transport,Motor vehicles: drivetrain and trimmings,final,1996,0.44,912.0,401.3
15b,Transport,Motor vehicles: drivetrain and trimmings,final,1997,0.44,978.7,430.6
15b,Transport,Motor vehicles: drivetrain and trimmings,final,1998,0.44,1024.2,450.7
15b,Transport,Motor vehicles: drivetrain and trimmings,final,1999,0.44,1111.0,488.8
15b,Transport,Motor vehicles: drivetrain and trimmings,final,2000,0.44,1126.0,495.4
15b,Transport,Motor vehicles: drivetrain and trimmings,final,2001,0.44,984.3,433.1
15b,Transport,Motor vehicles: drivetrain and trimmings,final,2002,0.44,1133.3,498.7
15b,Transport,Motor vehicles: drivetrain and trimmings,final,2003,0.44,1185.7,521.7
15b,Transport,Motor vehicles: drivetrain and trimmings,final,2004,0.44,1263.7,556.0
15b,Transport,Motor vehicles: drivetrain and trimmings,final,2005,0.44,1308.7,575.8
15b,Transport,Motor vehicles: drivetrain and trimmings,final,2006,0.44,1303.3,573.5
15b,Transport,Motor vehicles: drivetrain and trimmings,final,2007,0.44,1449.9,638.0
15b,Transport,Motor vehicles: drivetrain and trimmings,final,2008,0.44,1443.4,635.1
15b,Transport,Motor vehicles: drivetrain and trimmings,final,2009,0.44,1012.1,445.3
15b,Transport,Motor vehicles: drivetrain and trimmings,final,2010,0.44,1286.2,565.9
15b,Transport,Motor vehicles: drivetrain and trimmings,final,2011,0.44,1495.0,657.8
15b,Transport,Motor vehicles: drivetrain and trimmings,final,2012,0.44,1491.8,656.4
15b,Transport,Motor vehicles: drivetrain and trimmings,final,2013,0.44,1578.9,694.7
15b,Transport,Motor vehicles: drivetrain and trimmings,final,2014,0.44,1615.0,710.6
15b,Transport,Motor vehicles: drivetrain and trimmings,final,2015,0.44,1594.6,701.6
15b,Transport,Motor vehicles: drivetrain and trimmings,final,2016,0.44,1707.3,751.2
15b,Transport,Motor vehicles: drivetrain and trimmings,final,2017,0.44,1727.8,760.2
16,Transport,Other transport,component,1996,0.58,27.6,16.0
16,Transport,Other transport,component,1997,0.58,17.3,10.1
16,Transport,Other transport,component,1998,0.58,27.0,15.7
16,Transport,Other transport,component,1999,0.58,96.5,56.0
16,Transport,Other transport,component,2000,0.58,22.5,13.0
16,Transport,Other transport,component,2001,0.58,29.1,16.9
16,Transport,Other transport,component,2002,0.58,25.8,15.0
16,Transport,Other transport,component,2003,0.58,29.5,17.1
16,Transport,Other transport,component,2004,0.58,28.0,16.2
16,Transport,Other transport,component,2005,0.58,21.7,12.6
16,Transport,Other transport,component,2006,0.58,26.7,15.5
16,Transport,Other transport,component,2007,0.58,26.6,15.4
16,Transport,Other transport,component,2008,0.58,26.4,15.3
16,Transport,Other transport,component,2009,0.58,26.3,15.2
16,Transport,Other transport,component,2010,0.58,28.4,16.5
16,Transport,Other transport,component,2011,0.58,39.1,22.7
16,Transport,Other transport,component,2012,0.58,33.5,19.4
16,Transport,Other transport,component,2013,0.58,30.1,17.5
16,Transport,Other transport,component,2014,0.58,31.6,18.3
16,Transport,Other transport,component,2015,0.58,27.6,16.0
16,Transport,Other transport,component,2016,0.58,28.7,16.7
16,Transport,Other transport,component,2017,0.58,29.5,17.1
16,Transport,Other transport,final,1996,0.58,47.3,27.4
16,Transport,Other transport,final,1997,0.58,76.2,44.2
16,Transport,Other transport,final,1998,0.58,60.5,35.1
16,Transport,Other transport,final,1999,0.58,43.8,25.4
16,Transport,Other transport,final,2000,0.58,62.2,36.1
16,Transport,Other transport,final,2001,0.58,46.1,26.7
16,Transport,Other transport,final,2002,0.58,45.2,26.2
16,Transport,Other transport,final,2003,0.58,67.3,39.0
16,Transport,Other transport,final,2004,0.58,48.9,28.4
16,Transport,Other transport,final,2005,0.58,51.8,30.0
16,Transport,Other transport,final,2006,0.58,50.8,29.5
16,Transport,Other transport,final,2007,0.58,47.9,27.8
16,Transport,Other transport,final,2008,0.58,61.3,35.5
16,Transport,Other transport,final,2009,0.58,51.1,29.6
16,Transport,Other transport,final,2010,0.58,83.1,48.2
16,Transport,Other transport,final,2011,0.58,85.8,49.8
16,Transport,Other transport,final,2012,0.58,71.3,41.4
16,Transport,Other transport,final,2013,0.58,114.0,66.1
16,Transport,Other transport,final,2014,0.58,78.9,45.8
16,Transport,Other transport,final,2015,0.58,105.8,61.4
16,Transport,Other transport,final,2016,0.58,263.2,152.6
16,Transport,Other transport,final,2017,0.58,110.4,64.0
20,Others,Other UK consumers,component,1996,0.6,0.0,0.0
20,Others,Other UK consumers,component,1997,0.6,0.1,0.0
20,Others,Other UK consumers,component,1998,0.6,0.0,0.0
20,Others,Other UK consumers,component,1999,0.6,0.2,0.1
20,Others,Other UK consumers,component,2000,0.6,0.1,0.0
20,Others,Other UK consumers,component,2001,0.6,0.0,0.0
20,Others,Other UK consumers,component,2002,0.6,0.0,0.0
20,Others,Other UK consumers,component,2003,0.6,0.0,0.0
20,Others,Other UK consumers,component,2004,0.6,0.0,0.0
20,Others,Other UK consumers,component,2005,0.6,0.0,0.0
20,Others,Other UK consumers,component,2006,0.6,0.0,0.0
20,Others,Other UK consumers,component,2007,0.6,0.0,0.0
20,Others,Other UK consumers,component,2008,0.6,0.0,0.0
20,Others,Other UK consumers,component,2009,0.6,0.0,0.0
20,Others,Other UK consumers,component,2010,0.6,0.0,0.0
20,Others,Other UK consumers,component,2011,0.6,0.0,0.0
20,Others,Other UK consumers,component,2012,0.6,0.0,0.0
20,Others,Other UK consumers,component,2013,0.6,0.0,0.0
20,Others,Other UK consumers,component,2014,0.6,0.0,0.0
20,Others,Other UK consumers,component,2015,0.6,0.0,0.0
20,Others,Other UK consumers,component,2016,0.6,0.0,0.0
20,Others,Other UK consumers,component,2017,0.6,0.0,0.0
20,Others,Other UK consumers,final,1996,0.6,1.5,0.9
20,Others,Other UK consumers,final,1997,0.6,2.3,1.4
20,Others,Other UK consumers,final,1998,0.6,10.0,6.0
20,Others,Other UK consumers,final,1999,0.6,2.6,1.6
20,Others,Other UK consumers,final,2000,0.6,1.5,0.9
20,Others,Other UK consumers,final,2001,0.6,1.5,0.9
20,Others,Other UK consumers,final,2002,0.6,1.1,0.7
20,Others,Other UK consumers,final,2003,0.6,1.3,0.8
20,Others,Other UK consumers,final,2004,0.6,1.4,0.9
20,Others,Other UK consumers,final,2005,0.6,1.5,0.9
20,Others,Other UK consumers,final,2006,0.6,1.3,0.8
20,Others,Other UK consumers,final,2007,0.6,1.7,1.0
20,Others,Other UK consumers,final,2008,0.6,2.1,1.3
20,Others,Other UK consumers,final,2009,0.6,1.7,1.0
20,Others,Other UK consumers,final,2010,0.6,1.8,1.1
20,Others,Other UK consumers,final,2011,0.6,2.5,1.5
20,Others,Other UK consumers,final,2012,0.6,2.2,1.3
20,Others,Other UK consumers,final,2013,0.6,2.1,1.3
20,Others,Other UK consumers,final,2014,0.6,2.2,1.3
20,Others,Other UK consumers,final,2015,0.6,2.1,1.3
20,Others,Other UK consumers,final,2016,0.6,2.4,1.4
20,Others,Other UK consumers,final,2017,0.6,2.5,1.5
4,Metal Goods,"Bolts, nuts, rivets, screws, etc.",component,1996,1.0,47.2,47.2
4,Metal Goods,"Bolts, nuts, rivets, screws, etc.",component,1997,1.0,50.1,50.1
4,Metal Goods,"Bolts, nuts, rivets, screws, etc.",component,1998,1.0,47.3,47.3
4,Metal Goods,"Bolts, nuts, rivets, screws, etc.",component,1999,1.0,51.6,51.6
4,Metal Goods,"Bolts, nuts, rivets, screws, etc.",component,2000,1.0,40.6,40.6
4,Metal Goods,"Bolts, nuts, rivets, screws, etc.",component,2001,1.0,38.6,38.6
4,Metal Goods,"Bolts, nuts, rivets, screws, etc.",component,2002,1.0,38.0,38.0
4,Metal Goods,"Bolts, nuts, rivets, screws, etc.",component,2003,1.0,40.7,40.7
4,Metal Goods,"Bolts, nuts, rivets, screws, etc.",component,2004,1.0,47.2,47.2
4,Metal Goods,"Bolts, nuts, rivets, screws, etc.",component,2005,1.0,49.1,49.1
4,Metal Goods,"Bolts, nuts, rivets, screws, etc.",component,2006,1.0,52.8,52.8
4,Metal Goods,"Bolts, nuts, rivets, screws, etc.",component,2007,1.0,56.0,56.0
4,Metal Goods,"Bolts, nuts, rivets, screws, etc.",component,2008,1.0,53.1,53.1
4,Metal Goods,"Bolts, nuts, rivets, screws, etc.",component,2009,1.0,41.9,41.9
4,Metal Goods,"Bolts, nuts, rivets, screws, etc.",component,2010,1.0,49.2,49.2
4,Metal Goods,"Bolts, nuts, rivets, screws, etc.",component,2011,1.0,67.0,67.0
4,Metal Goods,"Bolts, nuts, rivets, screws, etc.",component,2012,1.0,61.2,61.2
4,Metal Goods,"Bolts, nuts, rivets, screws, etc.",component,2013,1.0,62.9,62.9
4,Metal Goods,"Bolts, nuts, rivets, screws, etc.",component,2014,1.0,64.9,64.9
4,Metal Goods,"Bolts, nuts, rivets, screws, etc.",component,2015,1.0,59.0,59.0
4,Metal Goods,"Bolts, nuts, rivets, screws, etc.",component,2016,1.0,60.8,60.8
4,Metal Goods,"Bolts, nuts, rivets, screws, etc.",component,2017,1.0,76.5,76.5
4,Metal Goods,"Bolts, nuts, rivets, screws, etc.",final,1996,1.0,53.6,53.6
4,Metal Goods,"Bolts, nuts, rivets, screws, etc.",final,1997,1.0,57.4,57.4
4,Metal Goods,"Bolts, nuts, rivets, screws, etc.",final,1998,1.0,68.8,68.8
4,Metal Goods,"Bolts, nuts, rivets, screws, etc.",final,1999,1.0,55.7,55.7
4,Metal Goods,"Bolts, nuts, rivets, screws, etc.",final,2000,1.0,60.8,60.8
4,Metal Goods,"Bolts, nuts, rivets, screws, etc.",final,2001,1.0,63.0,63.0
4,Metal Goods,"Bolts, nuts, rivets, screws, etc.",final,2002,1.0,58.3,58.3
4,Metal Goods,"Bolts, nuts, rivets, screws, etc.",final,2003,1.0,62.2,62.2
4,Metal Goods,"Bolts, nuts, rivets, screws, etc.",final,2004,1.0,63.7,63.7
4,Metal Goods,"Bolts, nuts, rivets, screws, etc.",final,2005,1.0,65.4,65.4
4,Metal Goods,"Bolts, nuts, rivets, screws, etc.",final,2006,1.0,67.8,67.8
4,Metal Goods,"Bolts, nuts, rivets, screws, etc.",final,2007,1.0,58.3,58.3
4,Metal Goods,"Bolts, nuts, rivets, screws, etc.",final,2008,1.0,51.0,51.0
4,Metal Goods,"Bolts, nuts, rivets, screws, etc.",final,2009,1.0,30.7,30.7
4,Metal Goods,"Bolts, nuts, rivets, screws, etc.",final,2010,1.0,38.9,38.9
4,Metal Goods,"Bolts, nuts, rivets, screws, etc.",final,2011,1.0,41.3,41.3
4,Metal Goods,"Bolts, nuts, rivets, screws, etc.",final,2012,1.0,37.5,37.5
4,Metal Goods,"Bolts, nuts, rivets, screws, etc.",final,2013,1.0,36.5,36.5
4,Metal Goods,"Bolts, nuts, rivets, screws, etc.",final,2014,1.0,36.7,36.7
4,Metal Goods,"Bolts, nuts, rivets, screws, etc.",final,2015,1.0,38.8,38.8
4,Metal Goods,"Bolts, nuts, rivets, screws, etc.",final,2016,1.0,31.5,31.5
4,Metal Goods,"Bolts, nuts, rivets, screws, etc.",final,2017,1.0,34.2,34.2
5,Metal Goods,"Hand tools, cutlery, instrument engineering",final,1996,0.85,90.7,77.1
5,Metal Goods,"Hand tools, cutlery, instrument engineering",final,1997,0.85,101.5,86.3
5,Metal Goods,"Hand tools, cutlery, instrument engineering",final,1998,0.85,103.9,88.3
5,Metal Goods,"Hand tools, cutlery, instrument engineering",final,1999,0.85,306.5,260.5
5,Metal Goods,"Hand tools, cutlery, instrument engineering",final,2000,0.85,207.7,176.5
5,Metal Goods,"Hand tools, cutlery, instrument engineering",final,2001,0.85,325.0,276.3
5,Metal Goods,"Hand tools, cutlery, instrument engineering",final,2002,0.85,113.2,96.2
5,Metal Goods,"Hand tools, cutlery, instrument engineering",final,2003,0.85,114.9,97.6
5,Metal Goods,"Hand tools, cutlery, instrument engineering",final,2004,0.85,111.6,94.9
5,Metal Goods,"Hand tools, cutlery, instrument engineering",final,2005,0.85,118.9,101.1
5,Metal Goods,"Hand tools, cutlery, instrument engineering",final,2006,0.85,111.0,94.4
5,Metal Goods,"Hand tools, cutlery, instrument engineering",final,2007,0.85,99.0,84.1
5,Metal Goods,"Hand tools, cutlery, instrument engineering",final,2008,0.85,100.3,85.2
5,Metal Goods,"Hand tools, cutlery, instrument engineering",final,2009,0.85,115.4,98.1
5,Metal Goods,"Hand tools, cutlery, instrument engineering",final,2010,0.85,91.0,77.4
5,Metal Goods,"Hand tools, cutlery, instrument engineering",final,2011,0.85,95.8,81.5
5,Metal Goods,"Hand tools, cutlery, instrument engineering",final,2012,0.85,90.0,76.5
5,Metal Goods,"Hand tools, cutlery, instrument engineering",final,2013,0.85,78.8,67.0
5,Metal Goods,"Hand tools, cutlery, instrument engineering",final,2014,0.85,72.2,61.4
5,Metal Goods,"Hand tools, cutlery, instrument engineering",final,2015,0.85,83.7,71.1
5,Metal Goods,"Hand tools, cutlery, instrument engineering",final,2016,0.85,71.9,61.1
5,Metal Goods,"Hand tools, cutlery, instrument engineering",final,2017,0.85,71.9,61.1
6,Metal Goods,Packaging and industrial and domestic hollow-ware,final,1996,1.0,69.6,69.6
6,Metal Goods,Packaging and industrial and domestic hollow-ware,final,1997,1.0,77.2,77.2
6,Metal Goods,Packaging and industrial and domestic hollow-ware,final,1998,1.0,59.8,59.8
6,Metal Goods,Packaging and industrial and domestic hollow-ware,final,1999,1.0,60.6,60.6
6,Metal Goods,Packaging and industrial and domestic hollow-ware,final,2000,1.0,74.6,74.6
6,Metal Goods,Packaging and industrial and domestic hollow-ware,final,2001,1.0,68.7,68.7
6,Metal Goods,Packaging and industrial and domestic hollow-ware,final,2002,1.0,63.9,63.9
6,Metal Goods,Packaging and industrial and domestic hollow-ware,final,2003,1.0,57.1,57.1
6,Metal Goods,Packaging and industrial and domestic hollow-ware,final,2004,1.0,55.7,55.7
6,Metal Goods,Packaging and industrial and domestic hollow-ware,final,2005,1.0,62.4,62.4
6,Metal Goods,Packaging and industrial and domestic hollow-ware,final,2006,1.0,65.7,65.7
6,Metal Goods,Packaging and industrial and domestic hollow-ware,final,2007,1.0,71.3,71.3
6,Metal Goods,Packaging and industrial and domestic hollow-ware,final,2008,1.0,66.5,66.5
6,Metal Goods,Packaging and industrial and domestic hollow-ware,final,2009,1.0,54.6,54.6
6,Metal Goods,Packaging and industrial and domestic hollow-ware,final,2010,1.0,52.4,52.4
6,Metal Goods,Packaging and industrial and domestic hollow-ware,final,2011,1.0,55.2,55.2
6,Metal Goods,Packaging and industrial and domestic hollow-ware,final,2012,1.0,72.2,72.2
6,Metal Goods,Packaging and industrial and domestic hollow-ware,final,2013,1.0,68.8,68.8
6,Metal Goods,Packaging and industrial and domestic hollow-ware,final,2014,1.0,64.2,64.2
6,Metal Goods,Packaging and industrial and domestic hollow-ware,final,2015,1.0,58.8,58.8
6,Metal Goods,Packaging and industrial and domestic hollow-ware,final,2016,1.0,54.1,54.1
6,Metal Goods,Packaging and industrial and domestic hollow-ware,final,2017,1.0,69.0,69.0
7,Metal Goods,"Other metal goods (including furnitue, doors, windows, non-electric domestic appliances, and springs)",component,1996,0.6,135.9,81.5
7,Metal Goods,"Other metal goods (including furnitue, doors, windows, non-electric domestic appliances, and springs)",component,1997,0.6,167.8,100.7
7,Metal Goods,"Other metal goods (including furnitue, doors, windows, non-electric domestic appliances, and springs)",component,1998,0.6,216.2,129.7
7,Metal Goods,"Other metal goods (including furnitue, doors, windows, non-electric domestic appliances, and springs)",component,1999,0.6,171.5,102.9
7,Metal Goods,"Other metal goods (including furnitue, doors, windows, non-electric domestic appliances, and springs)",component,2000,0.6,156.1,93.7
7,Metal Goods,"Other metal goods (including furnitue, doors, windows, non-electric domestic appliances, and springs)",component,2001,0.6,160.5,96.3
7,Metal Goods,"Other metal goods (including furnitue, doors, windows, non-electric domestic appliances, and springs)",component,2002,0.6,180.4,108.2
7,Metal Goods,"Other metal goods (including furnitue, doors, windows, non-electric domestic appliances, and springs)",component,2003,0.6,199.5,119.7
7,Metal Goods,"Other metal goods (including furnitue, doors, windows, non-electric domestic appliances, and springs)",component,2004,0.6,197.0,118.2
7,Metal Goods,"Other metal goods (including furnitue, doors, windows, non-electric domestic appliances, and springs)",component,2005,0.6,305.9,183.5
7,Metal Goods,"Other metal goods (including furnitue, doors, windows, non-electric domestic appliances, and springs)",component,2006,0.6,194.6,116.8
7,Metal Goods,"Other metal goods (including furnitue, doors, windows, non-electric domestic appliances, and springs)",component,2007,0.6,243.7,146.2
7,Metal Goods,"Other metal goods (including furnitue, doors, windows, non-electric domestic appliances, and springs)",component,2008,0.6,224.6,134.7
7,Metal Goods,"Other metal goods (including furnitue, doors, windows, non-electric domestic appliances, and springs)",component,2009,0.6,195.6,117.4
7,Metal Goods,"Other metal goods (including furnitue, doors, windows, non-electric domestic appliances, and springs)",component,2010,0.6,233.2,139.9
7,Metal Goods,"Other metal goods (including furnitue, doors, windows, non-electric domestic appliances, and springs)",component,2011,0.6,205.8,123.5
7,Metal Goods,"Other metal goods (including furnitue, doors, windows, non-electric domestic appliances, and springs)",component,2012,0.6,165.5,99.3
7,Metal Goods,"Other metal goods (including furnitue, doors, windows, non-electric domestic appliances, and springs)",component,2013,0.6,180.6,108.3
7,Metal Goods,"Other metal goods (including furnitue, doors, windows, non-electric domestic appliances, and springs)",component,2014,0.6,181.0,108.6
7,Metal Goods,"Other metal goods (including furnitue, doors, windows, non-electric domestic appliances, and springs)",component,2015,0.6,160.3,96.2
7,Metal Goods,"Other metal goods (including furnitue, doors, windows, non-electric domestic appliances, and springs)",component,2016,0.6,166.6,100.0
7,Metal Goods,"Other metal goods (including furnitue, doors, windows, non-electric domestic appliances, and springs)",component,2017,0.6,179.5,107.7
7,Metal Goods,"Other metal goods (including furnitue, doors, windows, non-electric domestic appliances, and springs)",final,1996,0.6,126.3,75.8
7,Metal Goods,"Other metal goods (including furnitue, doors, windows, non-electric domestic appliances, and springs)",final,1997,0.6,479.1,287.4
7,Metal Goods,"Other metal goods (including furnitue, doors, windows, non-electric domestic appliances, and springs)",final,1998,0.6,123.5,74.1
7,Metal Goods,"Other metal goods (including furnitue, doors, windows, non-electric domestic appliances, and springs)",final,1999,0.6,115.9,69.5
7,Metal Goods,"Other metal goods (including furnitue, doors, windows, non-electric domestic appliances, and springs)",final,2000,0.6,111.7,67.0
7,Metal Goods,"Other metal goods (including furnitue, doors, windows, non-electric domestic appliances, and springs)",final,2001,0.6,111.1,66.6
7,Metal Goods,"Other metal goods (including furnitue, doors, windows, non-electric domestic appliances, and springs)",final,2002,0.6,106.8,64.1
7,Metal Goods,"Other metal goods (including furnitue, doors, windows, non-electric domestic appliances, and springs)",final,2003,0.6,116.4,69.9
7,Metal Goods,"Other metal goods (including furnitue, doors, windows, non-electric domestic appliances, and springs)",final,2004,0.6,120.1,72.1
7,Metal Goods,"Other metal goods (including furnitue, doors, windows, non-electric domestic appliances, and springs)",final,2005,0.6,139.7,83.8
7,Metal Goods,"Other metal goods (including furnitue, doors, windows, non-electric domestic appliances, and springs)",final,2006,0.6,141.9,85.1
7,Metal Goods,"Other metal goods (including furnitue, doors, windows, non-electric domestic appliances, and springs)",final,2007,0.6,146.2,87.7
7,Metal Goods,"Other metal goods (including furnitue, doors, windows, non-electric domestic appliances, and springs)",final,2008,0.6,136.9,82.1
7,Metal Goods,"Other metal goods (including furnitue, doors, windows, non-electric domestic appliances, and springs)",final,2009,0.6,133.2,79.9
7,Metal Goods,"Other metal goods (including furnitue, doors, windows, non-electric domestic appliances, and springs)",final,2010,0.6,138.6,83.1
7,Metal Goods,"Other metal goods (including furnitue, doors, windows, non-electric domestic appliances, and springs)",final,2011,0.6,140.3,84.2
7,Metal Goods,"Other metal goods (including furnitue, doors, windows, non-electric domestic appliances, and springs)",final,2012,0.6,138.5,83.1
7,Metal Goods,"Other metal goods (including furnitue, doors, windows, non-electric domestic appliances, and springs)",final,2013,0.6,143.3,86.0
7,Metal Goods,"Other metal goods (including furnitue, doors, windows, non-electric domestic appliances, and springs)",final,2014,0.6,155.8,93.5
7,Metal Goods,"Other metal goods (including furnitue, doors, windows, non-electric domestic appliances, and springs)",final,2015,0.6,154.7,92.8
7,Metal Goods,"Other metal goods (including furnitue, doors, windows, non-electric domestic appliances, and springs)",final,2016,0.6,154.2,92.5
7,Metal Goods,"Other metal goods (including furnitue, doors, windows, non-electric domestic appliances, and springs)",final,2017,0.6,166.9,100.2
8,Electrical engineering,"Electrical engineering, including elec. domestic appliances",component,1996,0.3,105.7,31.7
8,Electrical engineering,"Electrical engineering, including elec. domestic appliances",component,1997,0.3,119.7,35.9
8,Electrical engineering,"Electrical engineering, including elec. domestic appliances",component,1998,0.3,229.3,68.8
8,Electrical engineering,"Electrical engineering, including elec. domestic appliances",component,1999,0.3,140.8,42.2
8,Electrical engineering,"Electrical engineering, including elec. domestic appliances",component,2000,0.3,500.1,150.0
8,Electrical engineering,"Electrical engineering, including elec. domestic appliances",component,2001,0.3,134.1,40.2
8,Electrical engineering,"Electrical engineering, including elec. domestic appliances",component,2002,0.3,113.6,34.1
8,Electrical engineering,"Electrical engineering, including elec. domestic appliances",component,2003,0.3,137.7,41.3
8,Electrical engineering,"Electrical engineering, including elec. domestic appliances",component,2004,0.3,174.2,52.3
8,Electrical engineering,"Electrical engineering, including elec. domestic appliances",component,2005,0.3,152.3,45.7
8,Electrical engineering,"Electrical engineering, including elec. domestic appliances",component,2006,0.3,146.8,44.1
8,Electrical engineering,"Electrical engineering, including elec. domestic appliances",component,2007,0.3,203.0,60.9
8,Electrical engineering,"Electrical engineering, including elec. domestic appliances",component,2008,0.3,121.2,36.4
8,Electrical engineering,"Electrical engineering, including elec. domestic appliances",component,2009,0.3,86.0,25.8
8,Electrical engineering,"Electrical engineering, including elec. domestic appliances",component,2010,0.3,79.3,23.8
8,Electrical engineering,"Electrical engineering, including elec. domestic appliances",component,2011,0.3,70.8,21.2
8,Electrical engineering,"Electrical engineering, including elec. domestic appliances",component,2012,0.3,61.7,18.5
8,Electrical engineering,"Electrical engineering, including elec. domestic appliances",component,2013,0.3,48.3,14.5
8,Electrical engineering,"Electrical engineering, including elec. domestic appliances",component,2014,0.3,45.9,13.8
8,Electrical engineering,"Electrical engineering, including elec. domestic appliances",component,2015,0.3,41.3,12.4
8,Electrical engineering,"Electrical engineering, including elec. domestic appliances",component,2016,0.3,34.5,10.3
8,Electrical engineering,"Electrical engineering, including elec. domestic appliances",component,2017,0.3,38.0,11.4
8,Electrical engineering,"Electrical engineering, including elec. domestic appliances",final,1996,0.3,1045.0,313.5
8,Electrical engineering,"Electrical engineering, including elec. domestic appliances",final,1997,0.3,1455.0,436.5
8,Electrical engineering,"Electrical engineering, including elec. domestic appliances",final,1998,0.3,1832.3,549.7
8,Electrical engineering,"Electrical engineering, including elec. domestic appliances",final,1999,0.3,1513.7,454.1
8,Electrical engineering,"Electrical engineering, including elec. domestic appliances",final,2000,0.3,1724.4,517.3
8,Electrical engineering,"Electrical engineering, including elec. domestic appliances",final,2001,0.3,1374.1,412.2
8,Electrical engineering,"Electrical engineering, including elec. domestic appliances",final,2002,0.3,1180.2,354.1
8,Electrical engineering,"Electrical engineering, including elec. domestic appliances",final,2003,0.3,1252.1,375.6
8,Electrical engineering,"Electrical engineering, including elec. domestic appliances",final,2004,0.3,1174.4,352.3
8,Electrical engineering,"Electrical engineering, including elec. domestic appliances",final,2005,0.3,1280.3,384.1
8,Electrical engineering,"Electrical engineering, including elec. domestic appliances",final,2006,0.3,1186.0,355.8
8,Electrical engineering,"Electrical engineering, including elec. domestic appliances",final,2007,0.3,1073.4,322.0
8,Electrical engineering,"Electrical engineering, including elec. domestic appliances",final,2008,0.3,1127.4,338.2
8,Electrical engineering,"Electrical engineering, including elec. domestic appliances",final,2009,0.3,784.5,235.4
8,Electrical engineering,"Electrical engineering, including elec. domestic appliances",final,2010,0.3,906.5,271.9
8,Electrical engineering,"Electrical engineering, including elec. domestic appliances",final,2011,0.3,955.0,286.5
8,Electrical engineering,"Electrical engineering, including elec. domestic appliances",final,2012,0.3,926.8,278.0
8,Electrical engineering,"Electrical engineering, including elec. domestic appliances",final,2013,0.3,879.4,263.8
8,Electrical engineering,"Electrical engineering, including elec. domestic appliances",final,2014,0.3,885.3,265.6
8,Electrical engineering,"Electrical engineering, including elec. domestic appliances",final,2015,0.3,837.9,251.4
8,Electrical engineering,"Electrical engineering, including elec. domestic appliances",final,2016,0.3,849.7,254.9
8,Electrical engineering,"Electrical engineering, including elec. domestic appliances",final,2017,0.3,881.4,264.4
9,Mechanical engineering,Agricultural machinery,final,1996,0.85,331.3,281.6
9,Mechanical engineering,Agricultural machinery,final,1997,0.85,343.0,291.6
9,Mechanical engineering,Agricultural machinery,final,1998,0.85,343.6,292.1
9,Mechanical engineering,Agricultural machinery,final,1999,0.85,307.5,261.4
9,Mechanical engineering,Agricultural machinery,final,2000,0.85,268.4,228.2
9,Mechanical engineering,Agricultural machinery,final,2001,0.85,252.6,214.7
9,Mechanical engineering,Agricultural machinery,final,2002,0.85,251.6,213.9
9,Mechanical engineering,Agricultural machinery,final,2003,0.85,271.1,230.5
9,Mechanical engineering,Agricultural machinery,final,2004,0.85,260.9,221.8
9,Mechanical engineering,Agricultural machinery,final,2005,0.85,282.3,239.9
9,Mechanical engineering,Agricultural machinery,final,2006,0.85,268.8,228.5
9,Mechanical engineering,Agricultural machinery,final,2007,0.85,268.0,227.8
9,Mechanical engineering,Agricultural machinery,final,2008,0.85,284.0,241.4
9,Mechanical engineering,Agricultural machinery,final,2009,0.85,230.2,195.6
9,Mechanical engineering,Agricultural machinery,final,2010,0.85,256.5,218.1
9,Mechanical engineering,Agricultural machinery,final,2011,0.85,310.4,263.8
9,Mechanical engineering,Agricultural machinery,final,2012,0.85,337.0,286.4
9,Mechanical engineering,Agricultural machinery,final,2013,0.85,316.0,268.6
9,Mechanical engineering,Agricultural machinery,final,2014,0.85,299.8,254.8
9,Mechanical engineering,Agricultural machinery,final,2015,0.85,267.4,227.3
9,Mechanical engineering,Agricultural machinery,final,2016,0.85,281.9,239.7
9,Mechanical engineering,Agricultural machinery,final,2017,0.85,306.3,260.3
